alpha,delta,u,g,r,i,z,redshift,u_g,g_r,r_i,i_z,u_r,g_i,r_z,PC1,PC2,PC3,PC4,PC5,PC6,PC7,PC8,true_label,pred_label,correct
135.977254468714,22.9712914958512,26.2865,22.2941,20.46461,19.2792,18.78435,0.0,3.9924,1.8294899999999998,1.185410000000001,0.49484999999999957,5.82189,3.014900000000001,1.6802600000000005,0.1347689745641283,-0.4745146436850642,2.3885073065708156,0.0374806331026359,0.2215240209399747,0.9923047227278802,-0.5476943075742448,0.0024942124403538723,GALAXY,STAR,False
22.1837465058892,4.45021692810405,23.54034,22.08017,21.74554,21.58752,21.3676,1.786434,1.4601700000000015,0.33463000000000065,0.15801999999999694,0.2199200000000019,1.7948000000000022,0.4926499999999976,0.37793999999999883,0.07134976914789072,2.2114779306717716,-0.4299536329547883,-1.915116959409983,0.058489320933175305,1.2520784529142952,-0.031013531692471712,-0.009440850377088458,GALAXY,QSO,False
130.762562963545,23.4984242026614,22.09398,21.70409,21.60573,21.72319,21.26084,1.404986,0.3898899999999976,0.09835999999999956,-0.11745999999999768,0.46234999999999715,0.4882499999999972,-0.01909999999999812,0.3448899999999995,0.02104398789381289,2.1732839767310472,-1.403840428069519,-0.6127964434868758,0.056063169573431014,0.4115541776736096,-0.5506975325861745,0.0021994036959411332,GALAXY,QSO,False
6.8717479723432,2.23359075078454,22.5897,22.0801,21.83377,21.73608,21.92675,0.9739092,0.5095999999999989,0.24633000000000038,0.09769000000000005,-0.19066999999999723,0.7559299999999993,0.34402000000000044,-0.09297999999999718,0.05641501707867498,2.027399879856488,-0.5597495104662039,-2.1842863972623574,0.2964635509562242,0.12021071509881082,-0.7352038563740649,-0.026877946601885003,GALAXY,QSO,False
189.575879911507,56.1800688126106,22.45733,23.30622,21.37446,20.34853,19.48138,0.8995332,-0.8488900000000008,1.9317600000000006,1.025929999999999,0.8671499999999988,1.0828699999999998,2.9576899999999995,1.8930799999999977,0.059507591604133686,1.8210043941108645,-0.377735540763275,1.2142727110457323,1.3524147216085416,-1.36762042971511,0.5453072850027114,0.052101117791586875,QSO,GALAXY,False
